daamat,دامَت,Arabic,Alphabet 4
jaar,جار,Arabic,Alphabet 4
yar,يَر,Arabic,Alphabet 4
bad,بَد,Arabic,Alphabet 4
rar,رَر,Arabic,Alphabet 4
dhadh,ذَذ,Arabic,Alphabet 4
jar,جَر,Arabic,Alphabet 4
duz,دُز,Arabic,Alphabet 4
zawj,زَوج,Arabic,Alphabet 4
zaz,زَز,Arabic,Alphabet 4
bar,بَر,Arabic,Alphabet 4
karj,كَرج,Arabic,Alphabet 4
badhaz,بَذَز,Arabic,Alphabet 4
ta,تَ,Arabic,Alphabet 4
katab,كَتَب,Arabic,Alphabet 4
mumtaaz,مُمتاز,Arabic,Alphabet 4
a big jacket,جاكيت كَبير,Arabic,Alphabet 4
duuz,دوز,Arabic,Alphabet 4
tajam,تَجَم,Arabic,Alphabet 4
bik,بِك,Arabic,Alphabet 4
du,دُ,Arabic,Alphabet 4
a house and a garage,بَيت وَكَراج,Arabic,Alphabet 4
jadaj,جَدَج,Arabic,Alphabet 4
dad,دَد,Arabic,Alphabet 4
a new jacket,جاكيت جَديد,Arabic,Alphabet 4
ma,مَ,Arabic,Alphabet 4
an amazing jacket,جاكيت مُمتاز,Arabic,Alphabet 4
a big door,باب كَبير,Arabic,Alphabet 4
taaj,تاج,Arabic,Alphabet 4
kad,كَد,Arabic,Alphabet 4
a garage and a house,كَراج وَبَيت,Arabic,Alphabet 4
a door and a jacket,باب وَجاكيت,Arabic,Alphabet 4
بَيت مُمتاز,an amazing house,Arabic,Alphabet 4
بَيت,a house,Arabic,Alphabet 4
a new door,باب جَديد,Arabic,Alphabet 4
جَبَر,jabar,Arabic,Alphabet 3
rak,رَك,Arabic,Alphabet 3
jakad,جَكَد,Arabic,Alphabet 3
بَبَب,babab,Arabic,Alphabet 3
jaj,جَج,Arabic,Alphabet 3
كَجَد,kajad,Arabic,Alphabet 3
kabar,كَبَر,Arabic,Alphabet 3
بَجَر,bajar,Arabic,Alphabet 3
kaj,كَج,Arabic,Alphabet 3
بَج,baj,Arabic,Alphabet 3
كَب,kab,Arabic,Alphabet 3
jak,جَك,Arabic,Alphabet 3
jabaj,جَبَج,Arabic,Alphabet 3
jajaj,جَجَج,Arabic,Alphabet 3
buuj,بوج,Arabic,Alphabet 3
جوب,juub,Arabic,Alphabet 3
كِعا,ki3aa,Arabic,Descrip. 1
bii3,بيع,Arabic,Descrip. 1
عَب,3ab,Arabic,Descrip. 1
ساج,saaj,Arabic,Descrip. 1
sammad,سَمَّد,Arabic,Descrip. 1
جَسَد,jasad,Arabic,Descrip. 1
3a,عَ,Arabic,Descrip. 1
3us,عُس,Arabic,Descrip. 1
ba3ii,بَعي,Arabic,Descrip. 1
سَمَك بارِد,a cold fish,Arabic,Descrip. 1
